{
    "start_time": "2024-11-14 11:23:13",
    "total_duration": 11.502501010894775,
    "processing_time": 14.28456974029541,
    "total_words": 8,
    "speakers_words": {
        "1": 3,
        "2": 5
    }
}