{
    "start_time": "2024-11-20 14:55:31",
    "total_duration": 10.66775369644165,
    "processing_time": 5.310225486755371,
    "total_words": 4,
    "speakers_words": {
        "1": 4
    }
}